"id";"firstname";"lastname";"address";"zipcode";"city";"phone";"birthdate";"mark";"date_registration";"email";"password";"web";"github";"roles";"identity";"adress_pro";"zipcode_pro";"city_pro";"phone_pro";"web_pro";"siret";"siren";"nic";"ape_code";"section_id";"school";"formation";"email_pro";"connect";"departement";"code_departement";"region";"activite";"ape_name";"user_id";"photo_profile_id";"langages";"framework"
"1";"Elodie";"CHARTEAU";NULL;NULL;NULL;"06 28 54 71 07";"1987-02-03";NULL;"2019-08-21 10:56:01";"e.charteau@wf3.fr";"$argon2id$v=19$m=65536,t=4,p=1$ZVE5d0p6N0EyelRsdTB5Uw$IJ3hjf+7mrtHSgRO53U2xZX4/UiDEJZ7eDI/59mJzos";NULL;NULL;"[""ROLE_SCHOOL""]";"WEBFORCE3 TOULOUSE";"204 RTE DE SEYSSES";"31100";"TOULOUSE";"0561000000";"www.wf3.fr";"84405715800033";"844057158";"33";"85.59A";NULL;NULL;NULL;"contact@wf3.fr";NULL;"HAUTE-GARONNE";"31";"LANGUEDOC-ROUSSILLON-MIDI-PYRENEES";"Autres activites d'enseignement";"Formation continue d'adultes";"0";"0";NULL;NULL
"3";"Admin";NULL;NULL;NULL;NULL;NULL;"1994-06-01";NULL;"2019-10-15 10:45:25";"admin.rgb.com";"$argon2id$v=19$m=65536,t=4,p=1$ZVE5d0p6N0EyelRsdTB5Uw$IJ3hjf+7mrtHSgRO53U2xZX4/UiDEJZ7eDI/59mJzos";NULL;NULL;"[""ROLE_ADMIN""]";NULL;NULL;NULL;NULL;NULL;NULL;NULL;NULL;NULL;NULL;NULL;NULL;NULL;NULL;NULL;NULL;NULL;NULL;NULL;NULL;"0";"0";NULL;NULL
"4";"Steve";"JOBS";NULL;"31100";"TOULOUSE";"06 11 74 72 36";"1995-03-07";NULL;"2019-05-21 10:55:23";"s.jobs@apple.com";"$argon2id$v=19$m=65536,t=4,p=1$ZVE5d0p6N0EyelRsdTB5Uw$IJ3hjf+7mrtHSgRO53U2xZX4/UiDEJZ7eDI/59mJzos";NULL;NULL;"[""ROLE_STUDENT""]";NULL;NULL;NULL;NULL;NULL;NULL;NULL;NULL;NULL;NULL;NULL;"WEBFORCE 3 TOULOUSE";"Developpeur_Web";NULL;NULL;NULL;NULL;NULL;NULL;NULL;"4";"4";"HTML5
CSS3
JAVASCRIPT
JQUERY
PHP
POO
AJAX
";"Bootstrap
Jquery
Angular
React
Symfony
"
"5";"Thomas";"EDISON";NULL;"31700";"BLAGNAC";"06 44 04 28 53";"1980-12-12";NULL;"2019-10-15 10:55:30";"t.edison@email.fr";"$argon2id$v=19$m=65536,t=4,p=1$ZVE5d0p6N0EyelRsdTB5Uw$IJ3hjf+7mrtHSgRO53U2xZX4/UiDEJZ7eDI/59mJzos";NULL;NULL;"[""ROLE_STUDENT""]";NULL;NULL;NULL;NULL;NULL;NULL;NULL;NULL;NULL;NULL;NULL;"WEBFORCE 3 TOULOUSE";"Developpeur_Web";NULL;NULL;NULL;NULL;NULL;NULL;NULL;"5";"5";"HTML5
CSS3
JAVASCRIPT
JQUERY
PHP
POO
AJAX
";"Bootstrap
Jquery
Angular
React
Symfony
"
"6";"Rosalie";"LAFRENIERE";NULL;"31700";"BLAGNAC";"06 84 35 58 46";"1989-06-04";NULL;"2019-12-17 10:56:21";"rosalie.lafreniere@email.fr";"$argon2id$v=19$m=65536,t=4,p=1$ZVE5d0p6N0EyelRsdTB5Uw$IJ3hjf+7mrtHSgRO53U2xZX4/UiDEJZ7eDI/59mJzos";NULL;NULL;"[""ROLE_STUDENT""]";NULL;NULL;NULL;NULL;NULL;NULL;NULL;NULL;NULL;NULL;NULL;"WEBFORCE 3 TOULOUSE";"Developpeur_Web";NULL;NULL;NULL;NULL;NULL;NULL;NULL;"6";"6";"HTML5
CSS3
JAVASCRIPT
JQUERY
PHP
POO
AJAX
";"Bootstrap
Jquery
Angular
React
Symfony
"
"7";"Alan";"TURING";NULL;"31100";"TOULOUSE";"06 92 27 23 96";"1978-06-02";NULL;"2020-03-27 10:56:27";"alan.turing@email.fr";"$argon2id$v=19$m=65536,t=4,p=1$ZVE5d0p6N0EyelRsdTB5Uw$IJ3hjf+7mrtHSgRO53U2xZX4/UiDEJZ7eDI/59mJzos";NULL;NULL;"[""ROLE_STUDENT""]";NULL;NULL;NULL;NULL;NULL;NULL;NULL;NULL;NULL;NULL;NULL;"WEBFORCE 3 TOULOUSE";"Developpeur_Web";NULL;NULL;NULL;NULL;NULL;NULL;NULL;"7";"7";"HTML5
CSS3
JAVASCRIPT
JQUERY
PHP
POO
AJAX
";"Bootstrap
Jquery
Angular
React
Symfony
"
"8";"Steve";"WOZNIAK";NULL;"31670";"LABEGE";"06 00 98 72 67";"1979-07-02";NULL;"2019-09-09 10:56:31";"s.wozniak@apple.com";"$argon2id$v=19$m=65536,t=4,p=1$ZVE5d0p6N0EyelRsdTB5Uw$IJ3hjf+7mrtHSgRO53U2xZX4/UiDEJZ7eDI/59mJzos";NULL;NULL;"[""ROLE_STUDENT""]";NULL;NULL;NULL;NULL;NULL;NULL;NULL;NULL;NULL;NULL;NULL;"WEBFORCE 3 TOULOUSE";"Developpeur_Web";NULL;NULL;NULL;NULL;NULL;NULL;NULL;"8";"8";"HTML5
CSS3
JAVASCRIPT
JQUERY
PHP
POO
AJAX
";"Bootstrap
Jquery
Angular
React
Symfony
"
"9";"Johan";"JETTE";NULL;"31670";"LABEGE";"06 06 37 90 32";"1982-09-12";NULL;"2020-03-26 10:56:41";"johan.jette@email.fr";"$argon2id$v=19$m=65536,t=4,p=1$ZVE5d0p6N0EyelRsdTB5Uw$IJ3hjf+7mrtHSgRO53U2xZX4/UiDEJZ7eDI/59mJzos";NULL;NULL;"[""ROLE_STUDENT""]";NULL;NULL;NULL;NULL;NULL;NULL;NULL;NULL;NULL;NULL;NULL;"WEBFORCE 3 TOULOUSE";"Developpeur_Web";NULL;NULL;NULL;NULL;NULL;NULL;NULL;"9";"9";"HTML5
CSS3
JAVASCRIPT
JQUERY
PHP
POO
AJAX
";"Bootstrap
Jquery
Angular
React
Symfony
"
"10";"Matthieu";"CHALOUX";NULL;"31200";"TOULOUSE";"06 81 54 52 55";"1989-11-23";NULL;"2020-02-17 10:56:45";"m.chaloux@email.fr";"$argon2id$v=19$m=65536,t=4,p=1$ZVE5d0p6N0EyelRsdTB5Uw$IJ3hjf+7mrtHSgRO53U2xZX4/UiDEJZ7eDI/59mJzos";NULL;NULL;"[""ROLE_STUDENT""]";NULL;NULL;NULL;NULL;NULL;NULL;NULL;NULL;NULL;NULL;NULL;"WEBFORCE 3 TOULOUSE";"Developpeur_Web";NULL;NULL;NULL;NULL;NULL;NULL;NULL;"10";"10";"HTML5
CSS3
JAVASCRIPT
JQUERY
PHP
POO
AJAX
";"Bootstrap
Jquery
Angular
React
Symfony
"
"11";"Marc";"ANDREESSEN";NULL;"31400";"TOULOUSE";"06 11 80 70 55";"1988-05-18";NULL;"2019-11-12 10:56:51";"m.andreessen@email.fr";"$argon2id$v=19$m=65536,t=4,p=1$ZVE5d0p6N0EyelRsdTB5Uw$IJ3hjf+7mrtHSgRO53U2xZX4/UiDEJZ7eDI/59mJzos";NULL;NULL;"[""ROLE_STUDENT""]";NULL;NULL;NULL;NULL;NULL;NULL;NULL;NULL;NULL;NULL;NULL;"WEBFORCE 3 TOULOUSE";"Developpeur_Web";NULL;NULL;NULL;NULL;NULL;NULL;NULL;"11";"11";"HTML5
CSS3
JAVASCRIPT
JQUERY
PHP
POO
AJAX
";"Bootstrap
Jquery
Angular
React
Symfony
"
"12";"Lucile";"JODOIN";NULL;"31400";"TOULOUSE";"06 03 27 22 60";"1982-06-28";NULL;"2020-02-18 10:57:06";"l.jodoin@email.fdr";"$argon2id$v=19$m=65536,t=4,p=1$ZVE5d0p6N0EyelRsdTB5Uw$IJ3hjf+7mrtHSgRO53U2xZX4/UiDEJZ7eDI/59mJzos";NULL;NULL;"[""ROLE_STUDENT""]";NULL;NULL;NULL;NULL;NULL;NULL;NULL;NULL;NULL;NULL;NULL;"WEBFORCE 3 TOULOUSE";"Developpeur_Web";NULL;NULL;NULL;NULL;NULL;NULL;NULL;"12";"12";"HTML5
CSS3
JAVASCRIPT
JQUERY
PHP
POO
AJAX
";"Bootstrap
Jquery
Angular
React
Symfony
"
"13";"Pierre";"CURIE";NULL;"31520";"RAMONVILLE SAINT AGNE";"06 04 36 67 06";"1982-09-12";NULL;"2020-03-17 10:57:11";"pierre.curie@polonium.fr";"$argon2id$v=19$m=65536,t=4,p=1$ZVE5d0p6N0EyelRsdTB5Uw$IJ3hjf+7mrtHSgRO53U2xZX4/UiDEJZ7eDI/59mJzos";NULL;NULL;"[""ROLE_STUDENT""]";NULL;NULL;NULL;NULL;NULL;NULL;NULL;NULL;NULL;NULL;NULL;"WEBFORCE 3 TOULOUSE";"Developpeur_Web";NULL;NULL;NULL;NULL;NULL;NULL;NULL;"13";"13";"HTML5
CSS3
JAVASCRIPT
JQUERY
PHP
POO
AJAX
";"Bootstrap
Jquery
Angular
React
Symfony
"
"14";"Honorine";"GAUDREAU";NULL;"31120";"PORTET SUR GARONNE";"06 04 01 02 59";"1984-02-07";NULL;"2020-02-17 10:57:15";"honorine.G@email.fr";"$argon2id$v=19$m=65536,t=4,p=1$ZVE5d0p6N0EyelRsdTB5Uw$IJ3hjf+7mrtHSgRO53U2xZX4/UiDEJZ7eDI/59mJzos";NULL;NULL;"[""ROLE_STUDENT""]";NULL;NULL;NULL;NULL;NULL;NULL;NULL;NULL;NULL;NULL;NULL;"WEBFORCE 3 TOULOUSE";"Cybersecurite";NULL;NULL;NULL;NULL;NULL;NULL;NULL;"14";"14";"HTML5
CSS3
JAVASCRIPT
JQUERY
PHP
POO
AJAX
";"Bootstrap
Jquery
Angular
React
Symfony
"
"15";"Hector";"BISSON";"12 rue des espion";"31120";"toulouse";"06 34 51 02 11";"1982-11-29";NULL;"2020-03-28 10:11:57";"h.bisson@email.fr";"$argon2id$v=19$m=65536,t=4,p=1$ZVE5d0p6N0EyelRsdTB5Uw$IJ3hjf+7mrtHSgRO53U2xZX4/UiDEJZ7eDI/59mJzos";"fjjhf@rk.fr";"githuyb";"[""ROLE_STUDENT""]";NULL;NULL;NULL;NULL;NULL;NULL;NULL;NULL;NULL;NULL;NULL;"WEBFORCE 3 TOULOUSE";"Cybersecurite";NULL;NULL;NULL;NULL;NULL;NULL;NULL;"0";"0";"HTML5
CSS3
JAVASCRIPT
JQUERY
PHP
POO
AJAX
";"Bootstrap
Jquery
Angular
React
Symfony
"
"16";"Bill";"GATES";NULL;"31130";"BALMA";"06 34 49 17 20";"1979-01-09";NULL;"2020-01-20 10:57:28";"bill.gates@microsoft.com";"$argon2id$v=19$m=65536,t=4,p=1$ZVE5d0p6N0EyelRsdTB5Uw$IJ3hjf+7mrtHSgRO53U2xZX4/UiDEJZ7eDI/59mJzos";NULL;NULL;"[""ROLE_STUDENT""]";NULL;NULL;NULL;NULL;NULL;NULL;NULL;NULL;NULL;NULL;NULL;"WEBFORCE 3 TOULOUSE";"Cybersecurite";NULL;NULL;NULL;NULL;NULL;NULL;NULL;"16";"16";"HTML5
CSS3
JAVASCRIPT
JQUERY
PHP
POO
AJAX
";"Bootstrap
Jquery
Angular
React
Symfony
"
"17";"Marie";"CURIE";NULL;"31520";"RAMONVILLE SAINT AGNE";"06 54 57 33 41";"1981-11-23";NULL;"2020-01-21 10:57:34";"marie.curie@polonium.fr";"$argon2id$v=19$m=65536,t=4,p=1$ZVE5d0p6N0EyelRsdTB5Uw$IJ3hjf+7mrtHSgRO53U2xZX4/UiDEJZ7eDI/59mJzos";NULL;NULL;"[""ROLE_STUDENT""]";NULL;NULL;NULL;NULL;NULL;NULL;NULL;NULL;NULL;NULL;NULL;"WEBFORCE 3 TOULOUSE";"Cybersecurite";NULL;NULL;NULL;NULL;NULL;NULL;NULL;"17";"17";"HTML5
CSS3
JAVASCRIPT
JQUERY
PHP
POO
AJAX
";"Bootstrap
Jquery
Angular
React
Symfony
"
"18";"Florianne";"GUILLEMENT";NULL;"31250";"REVEL";"06 64 61 55 96";"1992-08-12";NULL;"2020-01-28 10:57:40";"f.guillemet@email.fr";"$argon2id$v=19$m=65536,t=4,p=1$ZVE5d0p6N0EyelRsdTB5Uw$IJ3hjf+7mrtHSgRO53U2xZX4/UiDEJZ7eDI/59mJzos";NULL;NULL;"[""ROLE_STUDENT""]";NULL;NULL;NULL;NULL;NULL;NULL;NULL;NULL;NULL;NULL;NULL;"WEBFORCE 3 TOULOUSE";"Cybersecurite";NULL;NULL;NULL;NULL;NULL;NULL;NULL;"18";"18";"HTML5
CSS3
JAVASCRIPT
JQUERY
PHP
POO
AJAX
";"Bootstrap
Jquery
Angular
React
Symfony
"
"19";"Florence";"BEAULAC";NULL;"31240";"SAINT JEAN";"06 88 16 68 03";"1986-09-16";NULL;"2020-03-30 10:57:45";"f.beaulac@email.fr";"$argon2id$v=19$m=65536,t=4,p=1$ZVE5d0p6N0EyelRsdTB5Uw$IJ3hjf+7mrtHSgRO53U2xZX4/UiDEJZ7eDI/59mJzos";NULL;NULL;"[""ROLE_STUDENT""]";NULL;NULL;NULL;NULL;NULL;NULL;NULL;NULL;NULL;NULL;NULL;"WEBFORCE 3 TOULOUSE";"Cybersecurite";NULL;NULL;NULL;NULL;NULL;NULL;NULL;"19";"19";"HTML5
CSS3
JAVASCRIPT
JQUERY
PHP
POO
AJAX
";"Bootstrap
Jquery
Angular
React
Symfony
"
"20";"Doriane";"ARTOIS";NULL;"31240";"L'UNION";"06 18 42 63 96";"1983-11-24";NULL;"2020-03-01 10:57:53";"d.artois@email.fr";"$argon2id$v=19$m=65536,t=4,p=1$ZVE5d0p6N0EyelRsdTB5Uw$IJ3hjf+7mrtHSgRO53U2xZX4/UiDEJZ7eDI/59mJzos";NULL;NULL;"[""ROLE_STUDENT""]";NULL;NULL;NULL;NULL;NULL;NULL;NULL;NULL;NULL;NULL;NULL;"WEBFORCE 3 TOULOUSE";"Cybersecurite";NULL;NULL;NULL;NULL;NULL;NULL;NULL;"20";"20";"HTML5
CSS3
JAVASCRIPT
JQUERY
PHP
POO
AJAX
";"Bootstrap
Jquery
Angular
React
Symfony
"
"21";"Diodore";"STELLA";NULL;"31190";"AUTERIVE";"06 82 21 44 36";"1978-10-08";NULL;"2019-12-15 10:57:58";"d.stella@email.fr";"$argon2id$v=19$m=65536,t=4,p=1$ZVE5d0p6N0EyelRsdTB5Uw$IJ3hjf+7mrtHSgRO53U2xZX4/UiDEJZ7eDI/59mJzos";NULL;NULL;"[""ROLE_STUDENT""]";NULL;NULL;NULL;NULL;NULL;NULL;NULL;NULL;NULL;NULL;NULL;"WEBFORCE 3 TOULOUSE";"Cybersecurite";NULL;NULL;NULL;NULL;NULL;NULL;NULL;"21";"21";"HTML5
CSS3
JAVASCRIPT
JQUERY
PHP
POO
AJAX
";"Bootstrap
Jquery
Angular
React
Symfony
"
"22";"Diane";"SAUCIER";NULL;"31600";"SEYSSES";"06 28 24 44 08";"1985-02-14";NULL;"2020-03-27 10:58:05";"d.saucier@email.fr";"$argon2id$v=19$m=65536,t=4,p=1$ZVE5d0p6N0EyelRsdTB5Uw$IJ3hjf+7mrtHSgRO53U2xZX4/UiDEJZ7eDI/59mJzos";NULL;NULL;"[""ROLE_STUDENT""]";NULL;NULL;NULL;NULL;NULL;NULL;NULL;NULL;NULL;NULL;NULL;"WEBFORCE 3 TOULOUSE";"Administrateur_Reseau";NULL;NULL;NULL;NULL;NULL;NULL;NULL;"22";"22";"HTML5
CSS3
JAVASCRIPT
JQUERY
PHP
POO
AJAX
";"Bootstrap
Jquery
Angular
React
Symfony
"
"23";"Dennis";"DANDONNEAU";NULL;"31600";"SEYSSES";"06 29 01 29 73";"1987-06-18";NULL;"2020-03-23 10:58:09";"d.dandonneau@email.fr";"$argon2id$v=19$m=65536,t=4,p=1$ZVE5d0p6N0EyelRsdTB5Uw$IJ3hjf+7mrtHSgRO53U2xZX4/UiDEJZ7eDI/59mJzos";NULL;NULL;"[""ROLE_STUDENT""]";NULL;NULL;NULL;NULL;NULL;NULL;NULL;NULL;NULL;NULL;NULL;"WEBFORCE 3 TOULOUSE";"Administrateur_Reseau";NULL;NULL;NULL;NULL;NULL;NULL;NULL;"23";"23";"HTML5
CSS3
JAVASCRIPT
JQUERY
PHP
POO
AJAX
";"Bootstrap
Jquery
Angular
React
Symfony
"
"24";"Christianne";"BEAUSOLEIL";NULL;"31130";"QUINT FONSEGRIVES";"06 26 83 61 14";"1984-11-25";NULL;"2020-01-02 10:58:13";"c.beausoleil@email.fr";"$argon2id$v=19$m=65536,t=4,p=1$ZVE5d0p6N0EyelRsdTB5Uw$IJ3hjf+7mrtHSgRO53U2xZX4/UiDEJZ7eDI/59mJzos";NULL;NULL;"[""ROLE_STUDENT""]";NULL;NULL;NULL;NULL;NULL;NULL;NULL;NULL;NULL;NULL;NULL;"WEBFORCE 3 TOULOUSE";"Administrateur_Reseau";NULL;NULL;NULL;NULL;NULL;NULL;NULL;"24";"24";"HTML5
CSS3
JAVASCRIPT
JQUERY
PHP
POO
AJAX
";"Bootstrap
Jquery
Angular
React
Symfony
"
"25";"Caroline";"CLAVETTE";NULL;"31130";"QUINT FONSEGRIVES";"06 69 67 10 12";"1986-01-02";NULL;"2020-01-12 10:58:20";"c.clavette@email.fr";"$argon2id$v=19$m=65536,t=4,p=1$ZVE5d0p6N0EyelRsdTB5Uw$IJ3hjf+7mrtHSgRO53U2xZX4/UiDEJZ7eDI/59mJzos";NULL;NULL;"[""ROLE_STUDENT""]";NULL;NULL;NULL;NULL;NULL;NULL;NULL;NULL;NULL;NULL;NULL;"WEBFORCE 3 TOULOUSE";"Administrateur_Reseau";NULL;NULL;NULL;NULL;NULL;NULL;NULL;"25";"25";"HTML5
CSS3
JAVASCRIPT
JQUERY
PHP
POO
AJAX
";"Bootstrap
Jquery
Angular
React
Symfony
"
"26";"Bruno";"FLUET";NULL;"31850";"MONTRABE";"06 35 14 45 15";"1990-06-05";NULL;"2019-12-16 10:58:26";"b.fluet@email.Fr";"$argon2id$v=19$m=65536,t=4,p=1$ZVE5d0p6N0EyelRsdTB5Uw$IJ3hjf+7mrtHSgRO53U2xZX4/UiDEJZ7eDI/59mJzos";NULL;NULL;"[""ROLE_STUDENT""]";NULL;NULL;NULL;NULL;NULL;NULL;NULL;NULL;NULL;NULL;NULL;"WEBFORCE 3 TOULOUSE";"Administrateur_Reseau";NULL;NULL;NULL;NULL;NULL;NULL;NULL;"26";"26";"HTML5
CSS3
JAVASCRIPT
JQUERY
PHP
POO
AJAX
";"Bootstrap
Jquery
Angular
React
Symfony
"
"27";"Boniface";"AYOUT";NULL;"31670";"LABEGE";"06 36 77 20 79";"0000-00-00";NULL;"0000-00-00 00:00:00";"b.ayout@email.fr";"$argon2id$v=19$m=65536,t=4,p=1$ZVE5d0p6N0EyelRsdTB5Uw$IJ3hjf+7mrtHSgRO53U2xZX4/UiDEJZ7eDI/59mJzos";NULL;NULL;"[""ROLE_STUDENT""]";NULL;NULL;NULL;NULL;NULL;NULL;NULL;NULL;NULL;NULL;NULL;"WEBFORCE 3 TOULOUSE";"Administrateur_Reseau";NULL;NULL;NULL;NULL;NULL;NULL;NULL;"27";"27";"HTML5
CSS3
JAVASCRIPT
JQUERY
PHP
POO
AJAX
";"Bootstrap
Jquery
Angular
React
Symfony
"
"28";"Bastien";"QUENNELLE";NULL;"31220";"CAZERES";"06 29 90 75 77";"0000-00-00";NULL;"0000-00-00 00:00:00";"b.quenelle@email.Fr";"$argon2id$v=19$m=65536,t=4,p=1$ZVE5d0p6N0EyelRsdTB5Uw$IJ3hjf+7mrtHSgRO53U2xZX4/UiDEJZ7eDI/59mJzos";NULL;NULL;"[""ROLE_STUDENT""]";NULL;NULL;NULL;NULL;NULL;NULL;NULL;NULL;NULL;NULL;NULL;"WEBFORCE 3 TOULOUSE";"Administrateur_Reseau";NULL;NULL;NULL;NULL;NULL;NULL;NULL;"28";"28";"HTML5
CSS3
JAVASCRIPT
JQUERY
PHP
POO
AJAX
";"Bootstrap
Jquery
Angular
React
Symfony
"
"29";"Auguste";"LOUIS";NULL;"31100";"TOULOUSE";"06 38 37 56 62";"0000-00-00";NULL;"0000-00-00 00:00:00";"auguste.louis@email.fr";"$argon2id$v=19$m=65536,t=4,p=1$ZVE5d0p6N0EyelRsdTB5Uw$IJ3hjf+7mrtHSgRO53U2xZX4/UiDEJZ7eDI/59mJzos";NULL;NULL;"[""ROLE_STUDENT""]";NULL;NULL;NULL;NULL;NULL;NULL;NULL;NULL;NULL;NULL;NULL;"WEBFORCE 3 TOULOUSE";"Administrateur_Reseau";NULL;NULL;NULL;NULL;NULL;NULL;NULL;"29";"29";"HTML5
CSS3
JAVASCRIPT
JQUERY
PHP
POO
AJAX
";"Bootstrap
Jquery
Angular
React
Symfony
"
"30";"Angeline";"BONDY";NULL;"31400";"TOULOUSE";"06 73 20 16 43";"0000-00-00";NULL;"0000-00-00 00:00:00";"a.bondy@email.fr";"$argon2id$v=19$m=65536,t=4,p=1$ZVE5d0p6N0EyelRsdTB5Uw$IJ3hjf+7mrtHSgRO53U2xZX4/UiDEJZ7eDI/59mJzos";NULL;NULL;"[""ROLE_STUDENT""]";NULL;NULL;NULL;NULL;NULL;NULL;NULL;NULL;NULL;NULL;NULL;"WEBFORCE 3 TOULOUSE";"Referent_digital";NULL;NULL;NULL;NULL;NULL;NULL;NULL;"30";"30";"HTML5
CSS3
JAVASCRIPT
JQUERY
PHP
POO
AJAX
";"Bootstrap
Jquery
Angular
React
Symfony
"
"31";"Anatole";"FUGERE";NULL;"31700";"BEAUZELLE";"06 36 41 01 71";"0000-00-00";NULL;"0000-00-00 00:00:00";"a.fugere@email.fr";"$argon2id$v=19$m=65536,t=4,p=1$ZVE5d0p6N0EyelRsdTB5Uw$IJ3hjf+7mrtHSgRO53U2xZX4/UiDEJZ7eDI/59mJzos";NULL;NULL;"[""ROLE_STUDENT""]";NULL;NULL;NULL;NULL;NULL;NULL;NULL;NULL;NULL;NULL;NULL;"WEBFORCE 3 TOULOUSE";"Referent_digital";NULL;NULL;NULL;NULL;NULL;NULL;NULL;"31";"31";"HTML5
CSS3
JAVASCRIPT
JQUERY
PHP
POO
AJAX
";"Bootstrap
Jquery
Angular
React
Symfony
"
"32";"Aline";"MARIER";NULL;"31330";"MERVILLE";"06 95 38 52 67";"0000-00-00";NULL;"0000-00-00 00:00:00";"a.marier@email.fr";"$argon2id$v=19$m=65536,t=4,p=1$ZVE5d0p6N0EyelRsdTB5Uw$IJ3hjf+7mrtHSgRO53U2xZX4/UiDEJZ7eDI/59mJzos";NULL;NULL;"[""ROLE_STUDENT""]";NULL;NULL;NULL;NULL;NULL;NULL;NULL;NULL;NULL;NULL;NULL;"WEBFORCE 3 TOULOUSE";"Referent_digital";NULL;NULL;NULL;NULL;NULL;NULL;NULL;"32";"32";"HTML5
CSS3
JAVASCRIPT
JQUERY
PHP
POO
AJAX
";"Bootstrap
Jquery
Angular
React
Symfony
"
"33";"Albert";"CAMUS";NULL;"31140";"SAINT ALBAN";"06 90 24 02 60";"0000-00-00";NULL;"0000-00-00 00:00:00";"albert.camus@livre.fr";"$argon2id$v=19$m=65536,t=4,p=1$ZVE5d0p6N0EyelRsdTB5Uw$IJ3hjf+7mrtHSgRO53U2xZX4/UiDEJZ7eDI/59mJzos";NULL;NULL;"[""ROLE_STUDENT""]";NULL;NULL;NULL;NULL;NULL;NULL;NULL;NULL;NULL;NULL;NULL;"WEBFORCE 3 TOULOUSE";"Referent_digital";NULL;NULL;NULL;NULL;NULL;NULL;NULL;"33";"33";"HTML5
CSS3
JAVASCRIPT
JQUERY
PHP
POO
AJAX
";"Bootstrap
Jquery
Angular
React
Symfony
"
"34";"Alexandre";"LAFOREST";NULL;"31620";"FRONTON";"06 40 02 77 72";"0000-00-00";NULL;"0000-00-00 00:00:00";"a.laforest@email.fr";"$argon2id$v=19$m=65536,t=4,p=1$ZVE5d0p6N0EyelRsdTB5Uw$IJ3hjf+7mrtHSgRO53U2xZX4/UiDEJZ7eDI/59mJzos";NULL;NULL;"[""ROLE_STUDENT""]";NULL;NULL;NULL;NULL;NULL;NULL;NULL;NULL;NULL;NULL;NULL;"WEBFORCE 3 TOULOUSE";"Referent_digital";NULL;NULL;NULL;NULL;NULL;NULL;NULL;"34";"34";"HTML5
CSS3
JAVASCRIPT
JQUERY
PHP
POO
AJAX
";"Bootstrap
Jquery
Angular
React
Symfony
"
"35";"Albert";"EINSTEIN";NULL;"31650";"SAINT ORENS DE GAMEVILLE";"06 64 43 31 18";"0000-00-00";NULL;"0000-00-00 00:00:00";"albert.einstein@molecule.fr";"$argon2id$v=19$m=65536,t=4,p=1$ZVE5d0p6N0EyelRsdTB5Uw$IJ3hjf+7mrtHSgRO53U2xZX4/UiDEJZ7eDI/59mJzos";NULL;NULL;"[""ROLE_STUDENT""]";NULL;NULL;NULL;NULL;NULL;NULL;NULL;NULL;NULL;NULL;NULL;"WEBFORCE 3 TOULOUSE";"Referent_digital";NULL;NULL;NULL;NULL;NULL;NULL;NULL;"35";"35";"HTML5
CSS3
JAVASCRIPT
JQUERY
PHP
POO
AJAX
";"Bootstrap
Jquery
Angular
React
Symfony
"
"36";"Adrien";"Proulx";NULL;"31650";"SAINT ORENS DE GAMEVILLE";"06 42 94 50 30";"0000-00-00";NULL;"0000-00-00 00:00:00";"a.proulx@email.fr";"$argon2id$v=19$m=65536,t=4,p=1$ZVE5d0p6N0EyelRsdTB5Uw$IJ3hjf+7mrtHSgRO53U2xZX4/UiDEJZ7eDI/59mJzos";NULL;NULL;"[""ROLE_STUDENT""]";NULL;NULL;NULL;NULL;NULL;NULL;NULL;NULL;NULL;NULL;NULL;"WEBFORCE 3 TOULOUSE";"Referent_digital";NULL;NULL;NULL;NULL;NULL;NULL;NULL;"36";"36";"HTML5
CSS3
JAVASCRIPT
JQUERY
PHP
POO
AJAX
";"Bootstrap
Jquery
Angular
React
Symfony
"
"165";"Jacques";"DURAND";NULL;NULL;NULL;"0612451278";NULL;NULL;"2020-03-11 23:47:11";"contact@cosiweb.fr";"$argon2id$v=19$m=65536,t=4,p=1$NXBmQ0o3eXpVWmNqbzk4UA$1DrsEM5HMRqw2+X7FRSmBknIaIriw4PQdDfhwBCEthQ";NULL;NULL;"[""ROLE_ENTREPRISE""]";"COSIWEB";"4 SQ DES ACACIAS";"31820";"PIBRAC";"0561124215";"www.cosiweb.fr";"49082591600029";"490825916";"11";"62.01Z";NULL;NULL;NULL;"contact@cosiweb.fr";"true";"HAUTE-GARONNE";"31";"LANGUEDOC-ROUSSILLON-MIDI-PYRENEES";"Programmation, conseil et autres activites informatiques";"Programmation informatique";"0";"0";NULL;NULL
"166";"Jean-Jacques";"DUPONT";NULL;NULL;NULL;"0620152045";NULL;NULL;"2020-03-11 23:57:27";"contact@epicks.fr";"$argon2id$v=19$m=65536,t=4,p=1$RndycTI3Zi9peG9wZ2pDZA$kB8QLI2AEacLmUKl/updduq34tDWi/siIXEqz2UaMxM";NULL;NULL;"[""ROLE_ENTREPRISE""]";"EPICKS";"4 ALL DU PAS DE L'ESCALETTE";"31750";"ESCALQUENS";"0561000000";"www.epicks.fr";"85029560100015";"850295601";"15";"62.01Z";NULL;NULL;NULL;"contact@epicks.fr";"true";"HAUTE-GARONNE";"31";"LANGUEDOC-ROUSSILLON-MIDI-PYRENEES";"Programmation, conseil et autres activites informatiques";"Programmation informatique";"0";"0";NULL;NULL
"167";"Bruno";"ZANDOU";NULL;NULL;NULL;"0642153512";NULL;NULL;"2020-03-12 00:00:39";"contact@zandigital.fr";"$argon2id$v=19$m=65536,t=4,p=1$UVFFR0RDQkZVbWNLRTZuTw$ioZ+hfq76QxouAlhQEnh70QlLPF+gPm7o9V/fYv74rU";NULL;NULL;"[""ROLE_ENTREPRISE""]";"ZAN DIGITAL";"9 CHE DE NOTRE DAME DU LAIT";"31470";"SAINTE FOY DE PEYROLIERES";"0561000000";"www.zandigital.fr";"84997164300010";"849971643";"10";"62.01Z";NULL;NULL;NULL;"contact@zandigital.fr";"true";"HAUTE-GARONNE";"31";"LANGUEDOC-ROUSSILLON-MIDI-PYRENEES";"Programmation, conseil et autres activites informatiques";"Programmation informatique";"0";"0";NULL;NULL
"168";"Christophe";"LAFFONT";NULL;NULL;NULL;"0631426985";NULL;NULL;"2020-03-12 00:03:18";"contact@mecagri.fr";"$argon2id$v=19$m=65536,t=4,p=1$SWd6dG1JUjJiSTRmVWd2dA$CrgMmanHlkakFCdoql7x93LDrJFa4IlEVLOyuHR9eg4";NULL;NULL;"[""ROLE_ENTREPRISE""]";"MECAGRI MOTOCULTURE";"24 AV DE LA MOUYSSAGUESE";"31280";"DREMIL LAFAGE";"0561000000";"www.mecagri.fr";"45387736700012";"453877367";"20";"52.10B";NULL;NULL;NULL;"contact@mecagri.fr";"false";"HAUTE-GARONNE";"31";"LANGUEDOC-ROUSSILLON-MIDI-PYRENEES";"Commerce de detail d'autres equipements du foyer en magasin specialise";"Commerce de detail de quincaillerie, peintures et verres en petites surfaces (moins de 400 m²)";"0";"0";NULL;NULL
